Bedrooms,Price,Number_of_reviews,Reviews_per_month,Rating
2,59,9,9,4.89
2,110,54,2.45,4.83
1,86,145,2.15,4.94
3,180,30,0.27,4.38
1,110,10,1.52,4.7
3,230,62,0.44,4.73
2,140,74,0.54,4.34
1,305,59,1.35,4.07
2,123,48,0.75,4.52
4,390,179,1.23,4.49
2,163,105,1.55,4.57
1,39,101,0.76,4.78
2,106,13,0.21,3.77
1,110,241,1.76,4.38
2,142,24,4.5,4.79
2,167,55,0.44,4.44
1,284,8,2.03,4.63
2,170,52,1.37,4.69
1,83,2,0.33,2
1,89,2,1.02,5
1,94,28,2.39,4.25
2,140,60,0.44,4.53
2,173,61,0.55,4.29
2,150,136,1.57,4.87
2,144,23,3.43,4.7
1,100,58,1.45,4.97
1,200,93,0.67,4.74
3,111,109,1.89,4.45
3,120,8,5.71,4.88
3,250,1,0.01,5
1,157,70,0.5,4.19
1,93,35,2.28,3.37
3,230,1,1,5
4,63,11,0.08,4
3,328,41,0.88,4.44
1,17,2,0.06,5
1,421,555,5.65,4.74
1,55,2,0.02,5
1,55,8,0.06,4.33
1,100,56,1.31,4.91
1,124,18,2.66,4.83
1,33,10,6.98,4.9
3,326,45,1.05,4.51
4,347,1,0.12,5
4,280,166,1.21,4.57
2,150,234,3.54,4.85
2,128,68,0.67,4.11
3,128,162,2.57,4.81
2,98,110,0.9,4.11
1,43,104,2.72,4.86
4,151,106,1.61,4.7
1,100,35,1.19,4.63
2,183,29,0.21,4.11
2,150,1,0.7,5
2,159,99,1.8,4.61
3,163,55,0.42,4.51
1,257,102,1.78,4.46
2,130,15,0.48,4.67
3,100,145,1.05,4.6
1,180,45,1.21,4.4
3,138,156,2.47,4.72
3,330,21,0.17,4.65
1,87,7,3.23,4.71
2,161,5,1.79,5
1,70,253,1.83,4.74
4,386,316,2.37,4.93
1,44,66,0.5,4.74
4,191,78,0.57,4.77
1,31,352,2.69,4.52
1,189,35,0.28,4.23
4,370,78,0.62,4.7
3,298,42,0.31,4.5
4,263,32,0.24,4.5
2,116,185,1.41,4.68
1,61,334,2.49,4.87
1,76,126,1.24,4.71
1,150,114,0.86,4.87
2,130,131,0.98,4.64
2,118,295,2.5,4.77
1,40,129,0.97,4.6
3,344,104,0.77,4.48
1,19,152,1.22,4.66
2,44,27,0.2,4.35
1,50,48,0.37,4.78
1,230,62,0.82,4.64
3,292,80,0.8,4.33
1,95,50,0.38,4.74
3,175,34,0.37,4.19
1,18,125,1.4,4.23
1,67,20,0.5,5
1,44,25,0.19,4.79
1,36,92,0.68,4.9
3,70,5,0.04,4.33
3,60,4,0.03,3.5
4,150,128,0.94,4.48
5,287,27,0.21,4.68
2,139,60,0.53,4.77
3,156,128,1,4.5
2,153,22,0.19,4.67
3,290,12,0.14,4.25
1,33,24,0.19,4.42
1,27,62,0.49,4.82
3,261,95,0.71,4.71
1,55,125,0.99,4.6
3,137,425,3.35,4.64
3,124,258,2.01,4.61
2,76,214,1.69,4.47
1,57,166,1.33,4.51
2,98,100,0.89,4.73
2,233,97,0.83,4.65
4,1000,31,0.25,4.67
3,276,21,0.17,4.4
4,461,73,0.73,4.75
2,200,306,2.46,4.8
3,304,43,0.62,4.51
3,407,354,2.85,4.93
1,49,257,2.05,4.79
1,100,148,1.18,4.6
2,132,302,2.42,4.61
2,150,210,1.63,4.65
2,143,101,0.84,4.56
2,275,48,0.38,4.61
2,250,1,0.01,4
2,150,141,1.14,4.64
2,250,13,0.1,4.18
1,32,333,2.73,4.76
3,172,111,0.91,4.69
1,153,174,1.39,4.71
3,278,57,0.46,4.71
3,141,51,0.49,4.6
1,158,151,1.21,4.8
2,144,68,0.54,4.36
2,133,466,3.62,4.57
1,85,176,1.39,4.49
3,280,45,0.64,4.62
1,45,128,0.98,4.54
2,500,32,0.26,4.97
1,59,136,1.38,4.84
1,133,276,2.14,4.93
1,54,120,1.87,4.75
2,160,27,0.22,4.36
3,240,5,0.04,5
4,153,236,1.92,4.5
3,122,244,1.93,4.53
1,137,102,0.81,4.67
1,139,203,1.57,4.64
2,179,52,0.64,4.79
2,250,61,0.67,4.85
2,194,782,6.1,4.49
2,306,43,0.55,4.86
2,115,31,0.24,4.82
2,130,85,0.69,4.59
1,92,55,0.43,4.69
1,210,50,0.69,4.62
1,58,86,0.74,4.75
2,208,45,0.59,4.11
1,133,195,1.54,4.86
2,239,107,1.06,4.36
3,154,492,3.84,4.75
1,51,564,4.51,4.24
1,200,43,0.57,4.12
3,185,268,2.15,4.63
1,37,202,1.59,4.72
3,155,191,1.54,4.61
1,109,92,0.74,4.12
1,29,12,0.1,4.25
1,201,32,0.32,4.74
2,70,4,0.03,5
2,210,115,0.93,4.9
1,70,401,3.24,4.71
1,129,101,0.93,4.71
1,147,27,0.31,4.42
2,138,84,0.67,4.82
3,171,18,0.18,4.56
3,171,51,0.45,4.42
3,115,23,0.2,4.57
2,250,7,0.06,4.5
2,205,65,0.57,4.67
1,75,32,0.25,4.58
2,134,23,0.2,4.78
3,189,64,0.57,4.58
3,180,63,0.51,4.63
2,128,151,1.45,4.68
2,115,157,1.54,4.58
2,59,124,1.03,4.19
4,265,117,0.94,4.66
3,192,300,2.42,4.87
2,293,13,0.1,4.67
4,283,473,4.22,4.78
1,90,186,1.6,4.86
3,186,257,2.08,4.56
2,149,142,1.29,4.76
2,119,372,2.98,4.68
2,140,324,2.53,4.68
1,50,44,0.44,4.6
3,230,107,0.87,4.72
1,20,5,0.06,4.4
3,240,1,0.37,5
2,130,492,3.89,4.65
1,56,144,1.36,4.73
1,66,325,2.6,4.77
4,344,379,3.04,4.92
4,50,18,0.15,4.29
3,287,235,1.93,4.96
2,79,46,0.39,4.22
1,28,44,0.39,4.78
2,133,424,3.45,4.85
3,250,9,0.07,3.57
2,111,300,2.42,4.55
2,250,4,0.08,3.75
1,250,2,0.02,4
4,421,215,1.74,4.29
4,63,1,0.01,4
2,91,72,0.58,4.44
1,49,50,0.45,4.8
1,150,129,1.02,4.97
3,107,161,1.4,4.54
3,420,249,1.95,4.65
1,55,3,0.03,2.5
1,104,609,5.04,4.77
1,50,96,0.83,4.83
2,104,339,2.72,4.39
1,71,170,1.46,4.8
2,157,65,0.51,4.77
1,40,57,0.5,4.91
1,56,33,0.27,4.88
3,561,36,0.32,4.97
1,68,84,0.71,4.88
1,30,49,0.66,4.53
1,68,67,0.55,4.74
1,40,355,3.45,4.89
4,314,89,0.75,4.9
4,306,51,0.81,4.63
3,284,6,0.13,4.67
4,207,411,3.33,4.85
1,219,13,0.24,4.15
2,238,2,0.61,5
3,206,150,1.21,4.63
2,249,36,0.81,4.67
2,249,4,0.06,4
1,195,74,0.97,4.41
2,110,230,1.92,4.79
2,110,323,2.63,4.75
2,130,302,2.6,4.79
1,119,140,1.23,4.47
2,109,190,1.94,4.45
1,147,186,1.6,4.8
2,156,526,4.27,4.87
2,115,148,1.28,4.75
4,450,20,0.17,4.6
2,169,338,2.91,4.8
2,86,364,3.13,4.54
2,138,121,1.03,4.48
2,189,96,0.81,4.41
2,205,86,0.76,4.9
2,206,44,0.41,4.27
1,62,303,2.46,4.76
1,57,520,4.33,4.76
2,197,51,0.46,4.35
4,433,40,0.35,4.38
2,174,69,1.53,4.51
1,20,186,1.61,4.66
2,145,3,0.04,4.67
3,187,75,0.63,4.6
3,193,99,0.81,4.65
1,56,77,0.67,4.64
2,129,144,1.19,4.23
3,133,229,1.97,4.89
1,46,208,2.35,4.83
1,85,303,2.61,4.82
3,154,240,2.08,4.46
3,157,74,0.88,4.25
2,142,197,1.7,4.61
4,192,274,2.36,4.72
7,300,1,0.02,4
3,350,3,0.04,5
1,39,153,1.54,4.66
2,144,350,2.95,4.74
4,186,37,0.33,4.22
3,55,1,1,5
3,163,393,3.33,4.79
1,69,39,0.6,4.82
2,111,280,2.41,4.56
2,63,27,0.24,4.85
1,35,17,0.26,4.75
3,191,235,1.97,4.8
3,90,42,0.37,4.69
1,58,260,2.21,4.72
2,104,169,1.4,4.64
7,360,57,0.51,4.07
2,158,387,3.26,4.83
1,16,2,0.04,5
2,150,68,0.58,4.65
1,166,90,0.78,4.67
1,125,205,1.81,4.36
1,126,213,1.79,4.2
2,150,108,0.89,4.69
2,100,32,0.28,4.5
2,140,167,1.41,4.61
3,290,298,2.87,4.87
1,38,436,3.62,4.76
3,205,229,1.92,4.81
1,37,225,2.01,4.84
3,138,59,0.57,4.53
3,184,171,1.98,4.89
1,16,2,0.05,3
3,190,87,0.71,4.5
1,113,224,1.85,4.39
1,151,89,0.77,4.77
1,155,148,1.22,4.68
1,80,404,3.42,4.84
1,126,51,0.59,4.35
3,224,17,0.27,4.53
3,231,4,0.04,4
3,224,23,0.56,4.57
1,35,32,0.36,4.87
3,224,26,0.22,4.6
1,35,250,2.2,4.83
4,599,206,1.73,4.83
2,143,333,2.76,4.69
2,140,405,3.49,4.83
1,140,231,2,4.9
3,128,228,2.08,4.22
1,19,2,0.06,5
1,121,53,0.44,4.62
1,222,161,1.38,4.58
3,129,182,1.57,4.78
1,176,45,0.4,4.98
1,116,233,2.59,4.72
3,299,7,0.09,5
2,130,153,1.26,4.81
2,179,127,1.09,4.4
1,84,382,3.26,4.82
2,280,37,0.48,4.24
2,200,130,1.36,4.77
4,160,194,1.79,4.39
2,127,332,2.8,4.76
3,215,200,1.73,4.78
1,173,29,0.33,4.97
2,140,152,1.3,4.26
4,204,109,0.94,4.4
2,300,42,0.47,4.81
2,166,49,2.93,4.96
1,57,66,0.58,4.82
2,200,31,2.14,4.81
2,139,152,1.37,4.39
2,300,9,0.66,4.67
5,199,191,1.65,4.53
2,150,36,2.62,4.92
1,25,264,2.32,4.51
2,188,273,2.34,4.51
1,53,490,4.17,4.2
1,62,56,0.55,4.64
2,103,427,3.74,4.9
4,276,5,0.09,4.8
1,191,37,0.7,4.65
1,88,92,0.82,4.91
1,223,22,0.45,4.55
2,316,160,1.39,4.79
2,228,3,0.05,4.33
4,306,43,0.71,4.65
1,99,163,1.5,4.8
2,103,285,2.52,4.71
4,398,120,1.31,4.49
3,142,74,0.66,4.33
3,159,161,1.41,4.73
2,360,347,3.05,4.97
2,125,131,1.19,4.56
1,165,372,3.21,4.8
1,85,636,5.54,4.62
2,209,619,5.26,4.86
1,63,794,6.91,4.61
4,213,163,1.41,4.5
2,115,245,2.12,4.79
3,208,8,0.07,3.25
1,183,104,0.93,4.77
3,146,436,3.86,4.85
3,151,162,1.41,4.54
3,200,203,2.03,4.35
4,357,59,0.51,4.64
3,200,230,2.01,4.45
5,393,251,2.33,4.44
3,213,117,1.01,4.85
1,29,241,2.13,4.47
1,132,31,0.31,4.77
2,157,129,1.17,4.56
3,99,51,0.5,4.71
2,150,27,0.23,4.54
5,351,209,1.9,4.37
4,603,34,0.33,4.53
5,255,65,0.72,4.72
1,103,150,1.33,4.64
3,257,55,0.48,4.91
1,60,126,1.12,4.74
2,201,145,1.29,4.66
2,131,309,2.68,4.81
2,135,78,0.88,4.56
2,127,17,0.17,4.31
1,181,56,0.49,4.83
2,170,26,0.23,4.58
1,130,387,3.39,4.7
3,235,59,0.52,4.64
3,255,66,0.57,4.47
2,143,458,4.73,4.79
1,148,178,1.57,4.58
1,76,357,3.08,4.95
2,123,224,1.96,4.48
2,126,107,0.94,4.83
3,210,152,1.33,4.77
3,184,230,2.05,4.59
3,227,359,3.53,4.9
2,174,301,2.63,4.82
3,86,430,3.78,4.75
1,88,389,3.41,4.8
1,108,281,2.54,4.35
2,150,217,2.04,4.69
1,153,80,0.73,4.34
4,267,158,1.36,4.71
4,51,25,0.22,4.29
3,179,64,0.6,4.05
2,200,163,1.43,4.68
3,159,168,1.46,4.62
3,206,215,1.88,4.59
2,351,51,0.45,4.66
1,110,531,4.56,4.76
2,336,33,0.29,4.61
2,146,981,8.55,4.88
2,121,100,0.86,4.41
3,57,4,0.04,3
4,368,109,0.97,4.42
1,30,4,0.05,4.25
2,169,270,2.33,4.8
4,690,214,1.88,4.92
4,176,223,2.17,4.56
3,174,230,2,4.4
1,39,99,0.85,4.88
5,586,10,0.11,4.9
2,130,232,2.05,4.85
5,703,11,0.12,4.82
2,105,305,2.7,4.51
2,78,6,0.08,5
1,137,83,0.72,4.63
4,612,61,0.94,4.7
4,277,258,2.22,4.76
3,180,259,2.31,4.44
1,96,138,1.2,4.59
1,56,268,2.38,4.65
1,127,314,2.75,4.85
3,110,38,0.89,4.87
3,141,433,3.73,4.83
1,95,390,3.42,4.82
1,120,257,2.27,4.4
1,109,366,3.22,4.62
2,151,109,0.96,4.56
3,183,33,0.34,4.21
2,100,248,2.19,4.8
2,113,261,2.3,4.54
3,214,24,0.36,4.21
1,90,125,1.16,4.86
3,170,293,3.04,4.84
2,154,50,0.47,4.5
3,194,254,2.36,4.8
3,161,122,1.06,4.61
3,161,99,0.85,4.5
1,26,679,5.9,4.42
3,215,198,1.75,4.75
2,110,109,1.12,4.53
3,185,86,0.76,4.47
2,165,150,1.34,4.71
3,194,123,1.08,4.6
3,127,68,0.91,4.5
2,341,198,1.82,4.98
4,260,179,1.59,4.95
2,85,425,4.08,4.53
1,95,393,3.41,4.86
1,179,24,0.31,4.75
2,128,175,1.51,4.95
3,188,622,5.44,4.86
2,99,329,2.83,4.72
3,170,288,2.82,4.62
2,91,86,0.79,4.45
1,92,97,0.91,4.36
3,181,70,1.15,4.75
2,140,96,0.85,4.88
4,315,173,1.49,4.54
2,90,16,0.14,4.88
2,229,254,2.89,4.62
1,242,24,0.22,4.17
2,174,38,0.47,3.89
3,160,121,1.29,4.91
2,218,10,0.25,4
1,30,255,2.23,4.15
1,45,392,3.44,4.75
2,341,193,1.7,4.94
3,493,5,0.04,5
1,180,112,0.98,4.98
3,131,329,2.94,4.78
3,231,228,1.98,4.85
1,70,410,3.64,4.56
2,313,34,0.38,4.41
1,105,40,0.4,4.6
2,140,354,3.2,4.83
4,142,250,2.27,4.67
2,162,243,2.16,4.53
3,125,270,2.45,4.39
1,59,848,7.46,4.61
2,220,65,0.57,4.43
1,39,16,0.14,4.43
6,750,175,1.54,4.95
2,75,176,1.54,4.68
2,180,81,0.71,4.81
1,78,16,0.14,4.79
1,299,26,0.4,4.73
1,200,374,3.29,4.82
2,116,7,4.57,4.14
2,98,145,1.28,4.63
3,352,131,1.17,4.44
4,648,7,0.1,4.86
2,131,407,3.61,4.75
1,68,520,4.62,4.84
2,180,163,1.86,4.76
1,53,16,0.14,4.88
1,60,230,2.03,4.74
3,183,274,2.5,4.69
1,70,12,0.15,5
2,139,443,3.92,4.83
1,35,23,0.26,4.87
2,339,72,0.7,4.42
2,119,135,1.23,4.25
2,239,11,0.1,3.82
4,214,107,1.03,4.37
5,329,243,2.2,4.75
3,187,64,0.7,4.21
3,142,158,1.39,4.72
1,57,390,3.47,4.48
1,20,72,0.64,4.72
4,198,131,1.35,4.63
1,117,432,3.84,4.6
2,88,352,3.12,4.33
3,185,264,2.62,4.83
4,450,21,0.19,4.65
4,346,98,0.87,4.5
6,355,140,1.28,4.41
1,120,350,3.12,4.71
1,256,252,2.42,4.84
2,120,426,3.84,4.77
2,138,61,0.54,4.66
2,133,94,0.85,4.52
1,30,222,1.96,4.88
3,146,88,0.8,4.81
2,272,6,0.07,3.83
1,29,266,2.39,4.48
3,230,224,2.03,4.76
2,252,240,2.15,4.69
3,230,62,0.6,4.37
1,60,200,1.79,4.53
1,90,136,1.22,4.83
1,119,73,0.87,4.85
1,75,114,1.46,4.84
1,84,135,1.3,4.78
1,111,430,4.14,4.9
3,116,470,4.19,4.64
1,218,54,0.48,4.81
2,110,411,3.63,4.57
3,235,159,1.42,4.63
1,18,12,0.11,4.73
4,244,142,1.39,4.64
1,194,176,1.58,4.76
4,191,86,1.38,4.28
2,130,207,1.86,4.52
2,163,94,1.22,4.65
1,100,190,1.7,4.42
3,471,196,1.75,4.98
4,250,78,0.7,4.47
3,127,415,3.92,4.68
1,61,12,0.11,3.9
2,300,52,0.51,4.76
1,130,277,2.49,4.81
2,300,72,0.7,4.6
2,110,397,3.56,4.52
1,315,75,0.74,4.56
1,315,62,0.61,4.53
1,299,44,0.44,4.48
1,155,264,2.38,4.92
1,250,166,1.49,4.94
3,136,54,0.49,4.83
2,100,280,2.53,4.81
2,190,319,2.83,4.38
2,117,68,0.62,4.99
5,190,148,1.33,4.55
6,414,199,1.78,4.68
1,40,62,0.56,4.83
1,25,399,3.55,4.58
2,242,58,0.73,4.84
2,128,13,0.13,4.3
1,30,74,0.67,4.63
1,189,239,2.13,4.62
1,189,235,2.08,4.8
2,155,545,4.87,4.75
3,139,148,1.32,4.52
1,89,378,3.36,4.88
2,132,169,1.52,4.89
2,150,57,0.51,4.88
1,29,17,0.15,4.81
2,278,57,0.51,4.74
3,243,96,0.85,4.7
1,292,59,0.58,4.6
2,110,272,2.46,4.69
1,82,356,3.2,4.82
2,281,192,1.73,4.7
1,218,20,0.67,4.9
1,210,353,3.17,4.92
1,238,4,0.05,4.75
3,321,161,1.46,4.82
2,318,10,1.35,4.8
2,180,366,3.52,4.94
2,130,154,1.39,4.9
6,359,107,0.95,4.58
2,84,419,4.22,4.72
2,97,431,3.87,4.74
4,346,87,0.77,4.4
2,258,12,1.02,4.92
3,260,39,0.45,4.59
2,193,283,2.53,4.74
2,278,12,0.13,4.92
1,42,29,0.26,4.86
3,181,106,1.08,4.45
1,299,81,0.91,4.58
1,299,68,0.67,4.63
1,258,6,0.06,4.4
4,180,90,0.87,4.31
3,450,10,0.09,4.5
1,100,31,0.3,4.9
1,131,393,3.53,4.69
4,315,66,0.6,4.14
1,109,273,2.46,4.39
3,83,71,0.82,4.49
1,118,317,2.87,4.81
4,186,52,0.67,4.28
2,159,127,1.17,4.69
2,214,34,0.31,4.82
2,149,137,1.25,4.86
1,170,334,3.02,4.86
1,67,51,1.15,4.96
1,178,252,2.3,4.79
4,225,46,0.42,4.89
1,101,149,1.38,4.79
2,123,249,2.25,4.58
3,291,11,0.11,4.2
3,261,153,1.92,4.72
1,65,53,0.61,4.85
1,60,101,0.99,4.85
2,250,1,0.01,5
1,55,131,1.19,4.67
1,18,8,0.08,4.71
2,144,291,2.63,4.71
1,187,9,0.17,4.22
3,151,266,2.39,4.72
1,250,12,0.11,4.67
2,208,9,0.08,4.13
1,19,26,0.23,4.67
3,179,133,1.2,4.44
2,149,374,3.44,4.64
1,225,262,2.36,4.9
1,60,119,1.09,4.64
3,221,7,0.07,5
3,221,2,0.02,5
3,189,4,0.04,5
3,221,3,0.03,5
2,126,1,0.07,5
1,220,293,2.65,4.89
1,130,8,0.15,4.13
1,126,5,0.08,4.8
2,115,30,0.27,4.28
3,160,296,2.67,4.85
1,129,190,1.73,4.35
2,262,15,0.17,4.67
6,450,11,0.27,4.5
1,245,12,0.13,4.83
3,140,163,1.54,4.62
3,160,97,0.88,4.65
4,291,59,0.58,4.38
3,181,166,1.84,4.93
3,181,161,1.88,4.94
2,200,20,1.71,4.9
1,59,19,0.19,4.68
3,181,141,1.51,4.81
3,184,118,1.18,4.96
2,156,127,1.27,4.94
2,150,109,0.99,4.93
2,135,155,1.81,4.81
1,91,194,1.77,4.96
1,14,35,0.32,4.71
4,120,249,2.39,4.87
1,140,422,4.06,4.68
3,109,94,0.93,4.64
2,158,250,2.32,4.84
3,107,136,1.26,4.72
1,170,617,5.63,4.64
3,223,6,0.07,4.6
4,337,321,2.94,4.45
1,185,74,0.87,4.66
3,282,144,1.67,4.63
2,250,2,0.02,5
3,204,51,0.47,4.3
3,220,440,4.01,4.7
2,143,90,0.89,4.28
2,291,7,0.16,3.14
1,75,299,2.74,4.9
1,18,8,0.1,4.75
1,71,364,3.57,4.95
3,284,148,1.45,4.54
1,40,2,0.02,4
1,45,97,1.07,4.9
1,30,14,0.14,4.93
3,227,295,2.67,4.65
1,30,25,0.27,4.76
3,161,44,0.41,4.58
3,320,366,3.35,4.7
3,120,211,1.96,4.64
1,64,93,0.84,4.74
2,141,31,0.29,4.75
3,150,286,2.63,4.79
1,180,211,1.94,4.83
2,129,454,4.25,4.84
2,252,98,0.9,4.72
2,135,166,1.6,4.65
1,126,212,2.08,4.92
1,251,37,0.43,4.54
3,125,95,0.94,4.49
3,108,96,0.99,4.82
2,109,88,0.81,4.68
3,348,100,0.98,4.95
1,217,598,5.5,4.73
2,327,118,1.29,4.87
1,109,111,1.09,4.56
1,75,448,4.08,4.76
1,163,419,3.84,4.88
2,80,279,2.55,4.51
2,81,597,5.47,4.78
1,90,183,2.34,4.86
4,131,42,0.4,4.38
3,100,125,1.15,4.59
1,60,49,0.63,4.98
2,211,49,0.49,4.45
2,150,153,1.41,4.4
1,105,50,1.01,4.76
1,140,287,2.76,4.95
1,42,68,0.79,4.65
4,158,128,1.21,4.69
1,113,380,3.6,4.85
2,76,164,1.52,4.73
2,252,128,1.21,4.77
3,273,62,0.6,4.69
5,512,76,0.7,4.61
1,86,171,1.72,4.68
4,70,8,0.08,4.71
1,126,3,0.03,3.33
5,340,79,0.89,4.2
3,273,106,1.04,4.68
1,97,166,1.66,4.72
1,103,500,4.64,4.76
2,182,309,2.87,4.75
2,163,126,1.19,4.68
2,143,178,1.74,4.63
3,120,128,1.33,4.66
2,90,34,0.4,4.3
1,35,7,0.09,5
2,128,2,0.03,4.5
1,91,411,3.92,4.71
1,200,83,0.8,4.89
3,153,255,2.44,4.82
1,134,47,0.53,4.62
2,103,202,1.95,4.49
4,234,451,4.21,4.79
1,35,2,0.04,5
2,170,313,2.89,4.83
3,198,73,0.7,4.4
2,109,185,1.71,4.94
6,750,197,1.88,4.95
3,126,142,1.62,4.28
3,400,404,3.79,4.92
2,40,12,0.11,4.82
5,20,72,0.83,4.42
3,260,179,1.76,4.59
1,125,289,2.77,4.71
2,333,155,1.5,4.96
1,207,226,2.11,4.78
2,204,157,1.68,4.52
1,18,57,0.58,4.06
2,225,42,0.44,4.45
1,115,322,3.04,4.58
4,280,139,1.4,4.74
3,180,480,4.59,4.84
2,225,5,0.06,5
2,275,93,0.96,4.86
2,149,279,2.7,4.81
2,104,379,3.73,4.47
1,84,155,1.52,4.26
3,154,10,0.1,4
2,287,220,2.36,4.79
3,111,54,0.53,4.47
2,227,47,0.46,4.62
2,356,103,0.97,4.33
1,229,12,0.14,4.25
4,460,193,1.83,4.82
2,189,56,0.52,4.24
1,275,18,0.18,4.39
1,376,19,0.19,4.39
5,201,47,0.47,4.77
3,149,19,0.22,4.63
3,210,40,0.38,4.75
1,123,4,0.04,4.5
3,286,251,2.73,4.74
3,153,169,1.63,4.62
3,278,168,1.64,4.54
2,102,473,4.55,4.62
1,104,199,1.88,4.4
2,280,65,0.61,4.63
2,138,131,1.29,4.54
1,78,32,0.31,4.5
2,115,220,2.14,4.64
3,227,75,0.74,4.41
2,250,114,1.08,4.82
1,88,130,1.25,4.74
1,27,96,0.92,4.58
2,230,58,0.57,4.84
2,77,312,2.96,4.71
1,188,243,2.3,4.78
1,49,25,0.28,5
1,178,283,2.98,4.82
2,131,401,3.79,4.6
2,170,1,0.03,5
1,90,131,1.29,4.61
2,230,38,0.95,4.74
3,181,145,1.38,4.71
1,135,6,0.68,3.67
4,195,147,1.4,4.88
3,136,99,0.94,4.79
3,151,19,0.19,4.5
2,155,441,4.16,4.83
1,80,284,2.74,4.82
1,211,326,3.22,4.71
4,193,151,1.6,4.68
1,269,75,0.97,4.28
1,124,7,0.08,3.43
3,125,83,0.8,4.54
3,264,166,1.64,4.53
1,181,128,1.21,4.81
1,109,149,1.43,4.24
2,155,151,1.71,4.9
3,250,3,0.03,4
3,210,158,2.1,4.95
2,271,19,0.19,5
2,120,220,2.08,4.65
3,295,155,1.5,4.73
1,55,49,0.48,4.77
2,200,409,3.87,4.73
2,155,598,5.66,4.82
1,165,490,4.73,4.68
2,125,313,2.95,4.51
2,156,143,1.49,4.86
2,84,280,2.7,4.75
2,131,359,3.42,4.94
1,17,78,0.89,4.39
2,133,249,2.4,4.84
3,176,47,0.62,4.7
2,233,363,3.75,4.82
1,115,500,4.81,4.92
1,59,126,1.48,4.88
2,222,217,2.11,4.95
2,113,206,1.86,4.71
2,166,347,3.44,4.75
2,100,175,1.75,4.64
1,228,84,0.8,4.22
2,150,234,2.35,4.79
1,123,160,1.59,4.74
2,296,117,1.17,4.39
1,252,64,0.61,4.25
3,323,112,1.21,4.29
2,356,40,0.4,4.93
2,161,25,0.25,4.46
2,100,252,2.38,4.79
2,187,523,5,4.82
3,263,407,3.93,4.81
2,138,119,1.36,4.6
1,97,179,1.76,4.63
1,249,92,0.91,4.31
2,225,290,2.81,4.61
2,130,12,0.12,4.5
1,276,435,4.18,4.89
1,116,293,3.22,4.85
3,162,188,1.85,4.84
3,120,65,0.75,4.62
1,34,370,3.56,4.89
2,141,267,2.61,4.94
3,126,320,3.15,4.64
4,235,243,2.37,4.92
2,120,92,0.88,4.64
2,130,211,2.07,4.55
3,144,198,1.92,4.42
2,300,115,1.11,4.57
2,94,323,3.16,4.67
1,120,283,2.72,4.93
3,351,54,0.55,4.3
2,224,174,1.68,4.49
3,159,126,1.23,4.67
1,150,128,1.23,4.51
2,145,361,3.46,4.71
2,113,76,0.73,4.64
3,204,165,1.61,4.72
3,321,232,2.34,4.87
1,209,466,4.46,4.82
2,282,127,1.28,4.29
2,375,214,2.2,4.71
3,150,102,1.01,4.05
1,81,194,2.43,4.9
2,130,76,0.73,4.62
2,150,249,2.39,4.33
1,210,127,1.36,4.91
3,126,173,1.68,4.88
1,50,51,0.5,4.35
1,179,199,1.95,4.94
1,105,300,2.89,4.53
2,276,259,2.49,4.93
3,200,310,3.03,4.87
1,17,228,2.25,4.77
3,151,122,1.17,4.64
3,109,166,1.6,4.41
3,149,287,2.94,4.92
3,136,54,0.54,4.3
1,45,6,0.08,5
2,135,89,1.49,4.94
2,80,376,3.69,4.84
3,1500,10,0.1,4.9
2,159,488,4.71,4.71
3,45,3,0.03,4.5
3,225,164,1.57,4.73
1,116,396,3.87,4.84
4,445,20,0.2,4.4
2,199,31,0.3,4.31
2,124,207,2.01,4.43
5,448,265,2.59,4.45
1,156,178,1.74,4.52
1,101,241,2.35,4.89
2,100,162,1.61,4.92
2,146,45,0.46,4.33
2,256,357,3.48,4.91
2,109,644,6.29,4.86
2,112,230,2.97,4.84
2,93,310,3.05,4.51
1,20,6,0.06,4.33
3,166,211,2.06,4.95
3,267,18,0.23,4.17
2,99,92,0.91,4.53
2,99,166,1.63,4.63
1,103,314,3.07,4.84
1,35,267,2.62,4.82
3,215,59,0.58,4.29
1,43,34,0.33,4.82
1,80,46,0.48,4.26
2,94,329,3.23,4.77
3,270,236,2.32,4.78
1,108,84,0.82,4.2
3,270,204,2.34,4.76
1,150,268,2.66,4.79
3,220,69,0.68,4.19
3,255,65,0.65,4.25
3,98,272,2.66,4.91
1,100,39,0.38,4.64
3,179,156,1.53,4.71
2,166,241,3.15,4.9
2,81,191,1.87,4.56
3,138,70,0.68,4.5
1,95,189,1.86,4.37
1,37,343,3.36,4.8
2,76,403,3.94,4.28
2,154,112,1.11,4.63
1,168,320,3.13,4.86
2,126,309,3.08,4.82
1,39,256,2.48,4.61
2,239,391,3.82,4.79
2,273,40,0.39,4.86
1,102,289,2.83,4.88
2,150,152,1.48,4.72
5,249,25,0.28,4.92
1,212,602,5.87,4.69
2,278,121,1.23,4.88
2,100,172,1.69,4.76
1,60,26,0.29,4.63
3,227,78,0.77,4.65
1,106,238,2.34,4.39
2,109,74,0.81,4.43
1,33,20,0.2,5
3,151,58,0.57,4.61
3,186,239,2.35,4.53
2,165,272,2.67,4.76
1,114,302,2.94,4.87
2,95,183,1.8,4.76
1,96,47,0.95,4.68
4,277,36,0.37,4.69
1,98,434,4.22,4.68
2,170,180,1.76,4.78
1,119,197,1.93,4.43
1,74,137,1.38,4.55
1,45,21,0.21,3.9
2,159,233,2.29,4.63
3,71,162,1.59,4.46
2,80,85,0.83,4.8
1,133,15,0.2,4.54
2,334,19,0.19,4.89
1,18,2,0.14,5
1,120,44,0.45,4.48
4,504,132,1.34,4.92
2,141,48,0.49,4.48
2,246,113,1.14,4.87
1,153,136,1.34,4.17
2,102,128,1.33,4.8
1,138,215,2.17,4.53
3,434,18,0.18,4.67
2,343,18,0.18,4.94
4,495,119,1.36,4.98
3,434,21,0.21,4.85
3,160,171,1.67,4.77
1,51,34,0.35,4.6
2,119,310,3.05,4.71
2,146,87,0.87,4.62
1,98,88,0.87,4.48
2,150,211,2.09,4.31
2,205,317,3.11,4.69
3,226,147,1.46,4.73
1,145,233,2.28,4.69
2,140,200,1.97,4.79
2,23,15,0.17,4.57
1,25,1,0.02,0
1,33,57,0.58,4.93
3,170,226,2.27,4.85
1,76,540,5.32,4.62
3,148,450,4.53,4.84
2,174,205,2.04,4.92
3,156,224,2.21,4.48
2,254,40,0.4,4.7
2,171,161,1.6,4.41
1,124,131,1.3,4.73
1,174,106,1.05,4.58
2,244,75,0.73,4.88
1,179,123,1.21,4.77
2,199,167,1.67,4.72
4,227,329,3.24,4.58
3,266,140,1.42,4.8
2,108,223,2.29,4.91
1,65,121,1.2,4.79
2,109,395,3.89,4.75
2,132,145,1.45,4.52
1,59,201,1.98,4.22
3,106,39,0.48,4.47
4,291,3,0.03,4
2,150,250,2.46,4.91
2,223,451,4.5,4.86
1,139,85,0.86,4.76
2,190,18,0.18,4.94
3,140,214,2.15,4.3
1,50,31,0.31,4.89
2,146,186,1.83,4.77
4,240,22,0.25,4.91
3,200,213,2.12,4.66
2,40,31,0.32,4.83
1,156,242,2.39,4.63
2,62,327,3.22,4.85
2,150,273,2.68,4.54
2,225,33,0.4,4.72
2,110,38,0.38,4.97
2,144,215,2.13,4.67
1,30,32,0.33,4.66
2,202,330,3.34,4.67
2,171,193,1.91,4.62
1,40,45,0.45,4.73
1,118,316,3.16,4.86
1,85,481,4.79,4.82
1,99,168,1.67,4.88
2,255,391,3.88,4.73
1,125,341,3.47,4.96
3,195,179,1.76,4.64
1,90,110,1.08,4.42
2,305,67,0.72,4.37
1,159,58,0.9,4.5
1,159,508,5.03,4.63
2,251,98,1.26,4.46
2,263,31,0.42,4.68
1,159,43,0.67,4.6
1,226,83,1.31,4.43
2,297,91,1.13,4.74
3,256,197,2.16,4.84
2,156,103,1.16,4.51
2,143,160,1.78,4.53
4,322,205,2.05,4.56
3,309,39,0.49,4.51
3,261,37,0.41,4.57
3,281,26,0.29,4.64
1,144,139,1.39,4.15
1,211,464,4.56,4.85
3,68,235,2.36,4.7
2,173,86,0.85,4.63
2,274,5,0.05,5
3,300,142,2.03,4.89
3,69,308,3.08,4.75
1,26,36,0.39,4.75
3,139,51,0.51,4
1,73,546,5.38,4.74
3,201,196,1.95,4.61
3,150,611,6.11,4.88
3,263,106,1.37,4.66
2,231,57,0.57,4.38
3,263,36,0.44,4.61
2,210,53,0.74,4.66
1,80,38,0.38,4.68
2,210,50,0.69,4.66
2,113,167,1.67,4.33
2,171,200,1.98,4.59
2,210,78,1.03,4.58
3,246,70,0.72,4.54
3,480,46,0.58,4.76
1,200,25,0.25,4.72
2,145,251,2.5,4.86
2,218,139,1.39,4.68
3,373,170,1.69,4.85
3,270,22,0.22,4.27
1,231,90,0.9,4.91
3,263,109,1.33,4.62
2,205,33,0.33,4.06
3,236,339,3.43,4.87
1,99,183,2.15,4.52
3,182,256,2.56,4.67
1,71,6,0.11,4.5
1,41,131,1.33,4.45
4,170,448,4.5,4.49
2,403,12,0.9,4.58
2,117,273,2.74,4.78
2,92,99,1.11,4.19
1,53,347,3.48,4.6
3,162,108,1.09,4.67
1,26,1,0.01,5
4,300,353,3.52,4.74
1,154,125,1.27,4.48
3,258,416,4.18,4.62
1,194,25,0.42,4.24
2,187,18,0.31,4.06
3,296,16,0.16,4.38
2,219,62,1.3,4.79
3,252,140,1.4,4.49
2,180,361,3.64,4.83
3,248,129,1.32,4.42
1,39,128,1.32,4.4
1,75,102,1.02,4.47
1,212,54,1.02,4.7
2,181,23,0.23,4.52
1,194,36,0.69,4.69
2,265,174,1.73,4.28
1,80,24,0.24,4.25
4,152,282,2.87,4.69
1,42,21,0.23,4.71
3,176,200,2.04,4.42
3,169,19,0.2,4.16
6,484,319,3.2,4.79
3,164,299,2.98,4.7
2,219,19,0.32,3.79
1,30,24,0.26,4.75
1,48,3,0.1,5
4,265,324,3.26,4.67
2,247,37,0.37,4.17
1,170,251,2.53,4.79
3,179,223,2.25,4.86
1,100,3,0.03,4
4,169,62,0.63,4.54
1,61,116,1.18,4.72
1,93,50,0.56,4.73
4,164,6,0.13,4.67
2,265,179,1.78,4.68
3,248,98,1.01,4.21
1,13,43,0.47,4.91
1,36,20,0.2,4.9
3,183,280,2.87,4.73
3,126,394,3.97,4.71
2,139,264,2.66,4.52
1,180,291,2.93,4.94
1,145,116,1.21,4.57
2,129,43,0.59,4.74
1,50,204,2.31,4.69
2,219,234,2.37,4.84
2,133,31,0.33,4.58
2,196,229,2.34,4.96
3,180,322,3.25,4.68
3,247,246,2.48,4.74
2,87,182,1.85,4.63
1,75,42,0.65,4.88
2,138,163,1.81,4.74
2,333,86,0.98,4.81
4,520,40,0.41,4.61
1,175,11,0.13,3.89
1,84,38,0.38,4.7
1,171,557,5.7,4.73
3,169,277,2.8,4.89
3,101,156,1.59,4.59
4,259,302,3.04,4.58
1,70,257,2.61,4.92
2,500,5,0.06,4.8
1,110,449,4.54,4.72
2,175,350,3.54,4.95
2,90,348,3.52,4.86
2,196,204,2.06,4.56
1,35,366,3.66,4.6
2,196,186,1.89,4.42
2,70,95,1.04,4.77
2,109,10,0.1,3.88
2,70,38,0.39,4.68
3,99,95,0.97,4.69
3,250,179,1.8,4.61
2,188,19,0.23,4.05
3,286,203,2.2,4.76
3,117,281,2.89,4.85
1,56,256,2.6,4.85
2,145,292,2.95,4.79
1,184,170,1.73,4.83
1,185,38,0.83,4.5
3,180,269,2.71,4.75
2,225,112,1.15,4.82
1,170,451,4.66,4.67
1,42,91,0.92,4.89
1,54,186,1.88,4.37
4,63,2,0.02,4
2,169,289,2.92,4.76
3,137,262,2.71,4.95
2,195,286,2.96,4.91
2,96,242,2.43,4.83
3,200,17,0.2,5
3,236,63,0.71,4.6
2,184,364,3.66,4.71
1,50,211,2.13,4.71
2,155,142,1.52,4.81
2,154,169,1.77,4.88
2,58,49,0.49,4.57
2,150,289,2.94,4.45
3,350,254,2.57,4.87
1,28,238,2.42,4.75
3,270,55,0.63,4.56
3,236,58,0.62,4.36
1,70,3,1.8,4.67
3,229,65,0.73,4.41
4,458,61,0.67,4.39
3,286,28,0.31,4.25
7,401,36,0.37,4.56
2,127,480,4.92,4.55
3,286,44,0.46,4.55
2,170,122,1.24,4.86
2,121,633,6.53,4.94
3,110,312,3.25,4.85
3,144,29,0.4,4.79
1,43,61,0.62,4.44
3,363,245,2.57,4.68
2,115,156,1.62,4.68
6,425,75,0.78,4.63
2,140,259,2.86,4.54
4,254,112,1.24,4.71
2,299,124,1.37,4.8
2,99,20,0.22,4.55
2,204,144,1.54,4.85
3,185,146,1.7,4.8
2,108,100,1.04,4.18
2,202,39,0.41,4.67
3,168,76,0.87,4.61
3,226,226,2.34,4.58
3,140,87,0.89,4.79
1,160,196,2.14,4.66
1,131,237,3.05,4.81
2,99,36,0.39,4.83
2,160,239,2.47,4.83
3,187,173,1.79,4.76
3,229,216,2.2,4.69
4,252,137,1.43,4.65
1,58,68,0.71,4.53
2,117,632,6.42,4.91
5,425,232,2.4,4.7
4,289,173,1.8,4.64
2,113,25,0.27,4.8
3,144,149,1.73,4.74
2,120,74,0.82,4.91
3,100,207,2.2,4.73
1,168,194,1.98,4.79
4,180,442,4.5,4.53
2,250,6,0.06,3.67
2,111,88,0.9,4.74
1,126,37,0.42,4.11
2,163,223,2.27,4.66
2,50,9,0.1,4.33
1,137,442,4.5,4.96
8,1825,23,0.24,4.96
2,288,209,2.23,4.44
2,280,180,1.95,4.56
2,134,192,2.1,4.67
5,261,114,1.16,4.77
2,143,154,1.61,4.66
3,280,126,1.38,4.69
2,177,83,0.91,4.76
2,128,28,0.3,4.79
1,140,442,4.58,4.83
2,113,88,0.92,4
3,320,400,4.17,4.87
3,226,162,1.68,4.26
2,150,183,2.03,4.46
2,176,103,1.12,4.68
2,177,104,1.11,4.63
2,199,168,1.75,4.85
1,207,72,0.82,4.25
1,177,60,0.7,4.72
3,184,151,1.58,4.68
3,279,264,2.77,4.62
3,240,148,1.69,4.88
1,119,383,4.15,4.86
1,146,184,1.92,4.32
2,60,2,0.02,5
3,286,121,1.29,4.49
2,126,172,2.06,4.55
2,190,97,1.08,4.89
5,127,97,0.99,4.82
2,257,57,0.61,4.82
2,257,45,0.49,4.67
3,244,70,0.72,4.2
2,55,19,0.19,4.72
1,173,67,0.75,4.91
1,85,142,1.51,4.73
1,263,399,4.11,4.91
1,217,44,0.47,4.95
3,53,3,0.07,5
2,157,254,2.59,4.64
2,264,53,0.61,4.92
3,153,227,2.31,4.55
1,183,73,0.78,4.92
2,285,54,0.61,4.92
1,173,33,0.37,4.94
1,30,132,1.34,4.23
2,275,24,0.26,4.91
3,160,165,1.69,4.35
3,343,72,0.79,4.33
2,393,86,0.91,4.86
2,264,27,0.31,4.85
2,121,16,0.17,4.75
1,45,55,0.61,4.72
2,150,44,0.47,4.66
2,275,238,2.58,4.67
1,22,55,0.83,4.76
2,130,83,0.93,4.73
2,292,49,0.62,4.57
1,99,81,0.92,4.88
2,95,105,1.12,4.32
3,138,64,0.66,4.49
2,155,93,1.2,4.59
1,40,135,1.38,4.81
1,59,346,3.69,4.55
3,169,190,1.97,4.88
2,156,85,0.93,4.69
3,325,23,0.24,4.74
2,115,132,1.45,4.43
1,159,3,0.03,5
2,110,84,0.92,4.35
3,90,159,1.67,4.67
3,282,38,0.41,4.89
2,348,198,2.24,4.72
2,264,77,0.79,4.97
2,190,350,3.71,4.81
2,85,260,2.7,4.39
1,130,1,0.01,0
1,45,130,1.72,4.95
3,150,336,3.47,4.69
2,203,292,3.05,4.86
1,36,189,2.47,4.82
2,356,37,0.41,5
4,458,57,0.59,4.54
1,37,62,0.7,4.61
3,281,53,0.57,4.6
3,139,331,3.49,4.9
4,254,9,0.11,3.67
1,99,185,2.05,4.49
3,141,95,1.08,4.42
2,176,6,0.08,4
4,254,11,0.15,3.73
4,254,30,0.34,4.07
2,95,122,2.07,4.68
3,209,26,0.28,4.29
3,302,27,0.38,4.11
1,57,14,0.16,4.15
3,90,18,0.21,4.17
2,205,221,2.36,4.72
6,460,118,1.3,4.43
4,95,2,0.16,3
2,195,170,1.86,4.81
2,368,224,2.5,4.84
2,174,108,1.19,4.78
2,194,14,0.18,3.93
3,343,29,0.32,4.28
2,194,18,0.2,4.11
1,25,41,0.55,4.55
3,308,131,1.43,4.58
2,182,15,0.23,4.33
3,302,33,0.42,4.13
2,124,448,4.85,4.58
2,116,63,0.83,4.41
1,28,2,0.02,4
1,50,20,0.23,4.45
1,49,149,1.63,4.23
4,244,244,2.7,4.92
5,382,267,2.86,4.75
1,26,65,0.71,4.88
7,386,82,0.9,4.63
2,92,291,3.18,4.58
4,226,319,3.39,4.31
1,73,89,1.15,4.86
1,84,431,4.79,4.81
1,215,136,1.55,4.78
2,40,9,0.1,3.89
6,366,136,1.44,4.54
1,151,131,1.43,4.63
3,225,4,0.07,4.67
2,186,464,4.89,4.86
2,205,205,2.3,4.74
1,55,277,3.06,4.88
2,171,155,1.72,4.89
6,360,78,0.89,4.42
1,15,122,1.41,4.84
3,144,371,4.02,4.77
2,110,200,2.19,4.96
6,366,94,1.04,4.66
1,40,221,2.44,4.81
3,50,7,0.08,5
1,46,196,2.1,4.37
2,174,55,0.62,4.36
1,31,147,1.57,4.29
1,30,54,1.1,4.78
4,240,107,1.22,4.45
2,110,99,1.08,4.45
1,47,196,2.09,4.46
1,100,10,0.11,4.22
1,127,281,3.16,4.36
1,55,16,0.18,4.67
3,129,211,2.3,4.55
2,118,158,1.69,4.73
2,182,249,2.71,4.7
1,131,66,0.75,4.59
3,208,29,0.32,4.62
2,183,277,3.05,4.81
3,108,9,0.1,4
1,50,21,0.23,4.33
2,261,24,0.26,4.67
1,247,33,0.4,4.7
1,43,160,1.71,4.43
1,51,154,1.65,4.38
3,135,229,2.49,4.89
2,233,42,0.47,4.37
1,190,91,0.99,4.53
3,285,29,0.32,4.72
3,10,21,0.23,4.3
2,228,143,1.58,4.67
3,149,19,0.22,4.21
1,30,20,0.22,4.79
1,225,75,0.81,4.56
1,75,493,5.33,4.87
5,508,54,0.61,4.76
2,117,4,0.04,4.5
1,26,119,1.28,4.81
1,47,148,1.59,4.74
5,471,68,0.76,4.63
2,101,156,1.78,4.61
2,121,70,0.75,4.5
2,159,208,2.24,4.9
3,150,229,2.47,4.59
1,38,130,1.44,4.69
4,300,95,1.05,4.79
3,151,211,2.3,4.95
3,164,159,1.74,4.84
5,280,89,1,4.4
4,165,236,4.65,4.63
2,150,260,2.86,4.83
1,90,40,0.44,4.23
4,356,63,0.73,4.65
1,189,101,1.95,4.72
4,356,45,0.5,4.71
3,281,82,0.91,4.72
2,109,159,1.76,4.52
2,210,406,4.43,4.74
2,92,163,1.79,4.63
2,248,178,1.96,4.6
5,376,41,0.46,4.33
2,219,59,0.65,4.95
1,176,296,3.48,4.74
2,161,176,1.91,4.28
1,140,72,0.83,4.64
2,219,196,2.19,4.59
4,428,126,1.47,4.76
3,264,161,1.78,4.55
3,245,124,1.36,4.72
3,130,299,3.29,4.4
1,27,48,0.52,4.83
1,250,86,0.94,4.42
2,233,35,0.45,4.69
2,220,27,0.35,4.67
1,80,290,3.19,4.92
3,210,4,0.05,5
1,163,49,0.63,4.51
2,209,36,0.41,4.39
1,44,136,1.52,4.28
2,112,156,1.73,4.9
2,247,96,1.13,4.57
1,35,279,3.08,4.74
1,216,113,1.25,4.46
4,603,40,0.45,4.32
1,155,301,3.35,4.58
2,141,189,2.09,4.65
1,32,42,0.46,4.73
2,177,59,0.7,4.58
4,753,42,0.46,4.71
2,177,66,0.8,4.74
2,202,196,2.23,4.74
2,176,76,0.95,4.68
1,85,163,1.82,4.88
2,284,125,1.36,4.54
1,59,31,0.34,4.83
3,169,8,0.12,4.88
1,229,135,1.64,4.41
1,150,242,2.69,4.94
3,264,285,3.09,4.83
1,140,220,2.42,4.57
2,260,316,3.44,4.69
2,280,320,3.51,4.66
1,146,153,1.72,4.78
2,247,308,3.4,4.82
1,127,100,1.13,4.49
2,192,92,1.02,4.75
1,58,130,1.46,4.62
4,295,256,2.89,4.68
1,115,169,1.87,4.9
3,165,20,0.22,4.74
1,251,25,0.33,4.5
1,218,185,2.02,4.6
2,278,43,0.49,4.79
1,229,207,2.36,4.53
2,185,107,1.19,4.77
2,161,74,0.84,4.62
3,93,12,0.14,4.44
1,220,177,1.93,4.78
3,133,307,3.52,4.52
1,177,279,3.05,4.89
2,135,54,0.59,4.71
3,287,92,1.18,4.73
1,189,164,1.91,4.81
1,247,116,1.29,4.53
2,107,25,0.29,4.76
3,249,71,0.84,4.73
1,136,14,0.22,4.86
2,263,191,2.1,4.88
2,272,10,0.12,4.33
1,30,105,1.19,4.76
1,80,182,2,4.85
2,138,63,0.71,4.46
1,131,90,1.06,4.39
4,235,130,1.42,4.59
1,124,170,1.86,4.63
2,180,89,1,4.71
1,61,376,4.14,4.76
1,42,38,0.44,4.89
2,227,36,0.5,4.31
1,143,170,1.86,4.81
1,49,345,3.81,4.72
1,40,48,0.56,4.63
3,111,46,0.58,4.83
1,218,204,2.29,4.79
6,847,32,0.37,4.59
2,98,158,1.73,4.6
2,202,27,0.4,4.81
2,202,68,0.76,4.42
1,267,275,3.06,4.89
3,241,136,1.52,4.25
9,604,141,1.55,4.74
4,267,92,1.02,4.9
1,75,139,1.54,4.22
2,202,139,1.52,4.38
3,285,6,0.07,4.2
2,101,280,3.16,4.56
3,256,30,0.38,4.87
6,750,3,0.05,4.33
3,678,74,0.98,4.91
1,126,183,2.05,4.54
1,35,21,0.23,4.81
1,39,205,2.27,4.33
1,53,154,1.7,4.61
2,217,182,2.02,4.87
3,312,209,2.36,4.82
2,232,315,3.48,4.69
1,52,72,0.79,4.63
2,120,68,0.76,4.99
1,80,225,2.47,4.82
1,37,16,0.19,4.94
3,120,88,0.98,4.95
1,437,188,2.36,4.63
2,462,138,1.58,4.65
1,35,144,1.61,4.86
3,128,284,3.14,4.56
2,271,23,0.27,5
4,172,60,0.69,4.58
2,91,330,3.71,4.58
1,292,56,0.64,4.73
1,91,448,5.05,4.89
3,145,76,0.86,4.41
2,98,13,0.15,4.64
5,737,12,1.22,4.75
3,28,41,0.48,4.59
2,122,350,4,4.73
2,235,203,2.3,4.64
1,175,89,1.52,4.73
1,36,202,2.31,4.84
1,85,202,2.35,4.79
3,305,54,0.63,4.51
2,90,219,2.45,4.96
1,35,138,1.6,4.87
1,50,81,1.07,4.79
2,100,331,3.7,4.72
3,133,16,0.18,4.29
1,34,40,0.48,4.69
2,935,1,0.01,4
3,243,218,2.73,4.65
1,302,99,1.11,4.71
3,91,7,0.08,4.83
2,130,223,2.48,4.51
1,60,196,2.2,4.78
2,65,53,0.59,4.39
3,195,107,1.41,4.97
1,124,270,3.03,4.48
2,125,6,0.07,4.67
1,81,167,1.88,4.64
5,613,67,0.79,4.82
1,58,49,0.55,4.43
2,145,146,1.66,4.36
2,259,34,0.38,4.79
2,248,89,1.01,4.67
1,163,126,1.63,4.44
1,138,36,0.42,4.14
1,58,11,0.13,3.73
2,232,34,0.45,4.5
1,83,448,5.02,4.78
1,72,456,5.15,4.92
4,458,54,0.61,4.43
1,78,563,6.3,4.68
2,69,8,0.11,4
4,550,57,0.66,4.84
1,25,85,0.97,4.33
3,165,102,1.22,4.43
3,124,60,0.73,4.33
3,211,228,2.62,4.81
3,230,289,3.28,4.6
3,330,8,0.1,4.38
1,49,101,1.16,4.65
1,134,233,2.62,4.78
1,143,16,0.18,4.19
1,145,36,0.56,4.63
1,24,86,0.97,4.41
4,287,163,1.89,4.87
1,20,22,0.25,4.9
4,49,2,0.04,3
2,199,45,0.54,4.3
1,144,41,0.47,4.17
6,850,9,0.11,3.88
7,1300,1,0.03,4
6,1200,6,0.07,3.75
4,700,5,0.08,4
1,136,174,1.99,4.41
11,1500,2,0.02,4.5
1,26,161,1.89,4.63
2,123,3,0.04,3.33
3,110,3,0.04,4
9,1300,1,0.23,5
2,144,48,0.54,4.48
3,113,101,1.18,4.47
1,176,66,0.76,4.69
1,20,66,0.75,4.12
1,35,130,1.46,4.63
5,296,281,3.15,4.75
2,126,284,3.28,4.86
2,149,209,2.36,4.91
3,288,2,0.17,3
3,427,129,1.48,4.47
2,201,122,1.4,4.5
2,202,53,0.64,4.38
1,245,155,1.77,4.37
2,202,76,0.9,4.43
3,192,94,1.07,4.21
2,202,36,0.52,4.17
4,247,123,1.42,4.46
4,316,121,1.39,4.45
2,279,112,1.28,4.54
2,69,16,0.18,4.67
2,203,67,0.87,4.63
2,192,118,1.35,4.54
1,43,10,0.12,4.4
1,70,11,0.13,4.18
2,134,13,0.17,4.54
1,66,12,0.14,4.45
2,167,143,1.94,4.78
2,225,195,2.23,4.63
2,196,46,0.52,4.5
1,45,93,1.37,4.92
2,73,44,0.5,4.49
3,221,167,1.93,4.69
2,160,220,2.5,4.85
1,32,298,3.39,4.52
3,305,109,1.26,4.79
2,40,59,0.68,4.17
1,40,189,2.16,4.43
5,374,322,3.73,4.95
2,347,23,0.29,4.35
2,95,77,0.88,4.6
3,300,121,1.38,4.89
1,46,214,2.43,4.36
1,40,72,0.82,4.74
3,200,66,0.77,4.8
1,69,72,0.82,4.47
1,30,30,0.34,4.64
3,142,329,3.78,4.56
1,100,5,0.06,4.2
1,24,8,0.12,4.71
1,85,63,0.72,4.95
1,212,74,0.92,4.62
4,950,47,0.54,5
2,178,56,0.73,4.63
1,53,319,3.87,4.8
1,49,25,0.29,4.33
1,68,157,1.8,4.77
3,289,310,3.56,4.96
1,185,102,1.32,4.72
2,210,233,2.73,4.69
3,159,50,0.58,4.52
1,172,231,2.98,4.61
1,64,143,1.64,4.73
2,175,278,3.22,4.6
1,150,142,1.63,4.72
1,20,20,0.23,4.8
2,141,83,1.23,4.94
1,20,28,0.32,4.58
1,88,201,2.47,4.55
1,168,196,2.26,4.81
4,90,2,0.02,4
1,8999,119,1.36,4.55
1,26,75,0.87,4.53
3,163,50,0.58,4.08
1,60,185,2.14,4.74
2,165,108,1.73,4.85
1,89,7,0.08,4.6
1,62,102,1.2,4.85
1,74,9,0.1,3.17
3,152,13,0.17,4.08
2,269,11,0.18,4.36
1,208,54,0.71,4.56
2,276,37,0.49,4.58
1,214,23,0.3,4.09
3,53,1,0.02,5
2,212,165,1.91,4.75
4,190,62,0.73,4.4
1,58,135,2.04,4.89
2,40,34,0.39,4.29
2,111,54,0.77,4.48
3,286,65,0.79,4.77
3,136,150,1.73,4.4
1,61,88,1.02,4.55
1,155,212,2.45,4.76
1,110,122,1.4,4.52
1,104,40,0.52,4.87
4,120,25,0.29,4.72
2,220,205,2.4,4.25
1,20,34,0.85,4.53
2,161,62,0.72,4.52
1,105,230,2.68,4.68
2,108,177,2.05,4.76
2,161,68,0.79,4.59
3,236,130,1.5,4.55
2,150,249,2.9,4.85
1,39,116,1.37,4.86
2,257,94,1.09,4.74
2,272,6,0.07,3.6
1,120,185,2.16,4.68
1,32,75,0.98,4.92
3,205,230,2.73,4.38
3,155,227,2.64,4.79
2,180,191,2.23,4.71
1,35,124,1.44,4.81
3,185,77,1.01,4.58
3,170,239,2.78,4.21
3,321,78,0.92,4.52
3,160,148,1.82,4.76
4,494,165,1.96,4.51
6,595,187,2.2,4.41
3,266,123,1.45,4.74
1,75,219,2.57,4.48
3,187,97,1.3,4.7
1,59,3,0.04,4
1,30,173,2.05,4.91
3,142,134,1.56,4.53
2,141,152,1.81,4.8
3,142,16,0.21,4.38
3,225,50,0.64,4.57
1,29,86,1,4.7
1,65,31,0.37,4.1
1,54,184,2.48,4.47
2,25,31,2.32,4.23
3,352,27,0.32,4.26
1,234,232,2.72,4.81
1,35,103,1.21,4.4
1,35,83,0.98,4.37
1,35,82,1,4.34
1,35,73,0.86,4.44
3,333,127,1.61,4.54
1,50,6,0.07,4.33
4,494,162,1.93,4.4
2,151,312,3.7,4.89
2,164,133,1.57,4.74
2,149,233,2.86,4.92
2,80,309,3.62,4.59
1,50,11,0.13,4.09
1,120,12,0.17,4.67
1,81,298,3.52,4.61
1,240,7,0.09,4.43
1,95,4,0.05,4.5
2,110,1,0.01,5
1,59,249,2.96,4.83
1,180,16,0.2,4.44
3,150,4,0.05,5
1,25,5,0.06,4.4
3,210,13,0.17,4.08
1,35,14,0.18,4.71
3,149,99,1.17,4.61
1,140,33,0.4,3.97
1,71,202,2.37,4.6
3,253,177,2.1,4.4
1,55,196,2.41,4.71
2,250,4,0.05,4
4,210,10,2.26,3.9
2,143,79,0.94,4.43
3,125,2,0.03,5
3,159,10,0.12,4
3,250,18,0.21,4.72
2,178,244,2.91,4.87
2,156,137,1.81,4.81
2,120,1,0.03,3
3,130,3,0.04,5
1,95,4,0.05,4.75
1,182,108,1.29,4.87
2,120,1,0.01,5
1,33,325,3.82,4.89
3,180,237,2.78,4.67
2,140,133,1.57,4.85
3,250,6,0.07,3.67
1,85,84,0.98,4.9
3,190,63,0.77,4.78
1,145,24,0.35,4.54
2,160,130,1.69,4.82
1,46,54,0.69,4.92
3,758,88,1.15,4.55
5,906,238,3.29,4.73
3,148,154,1.85,4.78
2,302,121,1.6,4.57
3,142,63,0.95,4.83
3,142,94,1.24,4.71
2,115,148,1.77,4.49
2,100,180,2.13,4.72
3,330,133,1.62,4.8
2,250,4,0.05,4.5
6,750,2,0.03,4
1,12,26,0.31,4.6
2,160,20,0.24,4.4
1,250,1,0.02,4
1,135,96,1.42,4.69
3,99,21,0.25,4.38
1,60,33,0.39,4.47
1,60,4,0.05,4.75
1,35,17,0.22,4.53
1,344,103,1.26,4.76
1,25,241,2.85,4.43
1,117,307,3.67,4.56
1,40,259,3.1,4.19
1,148,12,0.14,4
1,148,10,0.15,3.7
1,183,503,5.98,4.68
3,138,150,1.81,4.66
2,250,9,0.11,4.29
1,66,9,0.12,4.67
1,58,8,0.11,4.13
1,66,11,0.15,4.27
1,148,30,0.36,4.17
1,35,24,0.52,4.59
3,264,5,0.06,5
1,120,159,1.88,4.82
2,69,9,0.12,4.33
1,38,17,0.2,4.65
1,68,9,0.12,3.89
1,58,11,0.14,4.27
1,25,141,1.73,4.41
2,58,32,0.42,4.91
1,38,17,0.2,4.71
1,25,133,1.58,4.46
1,12,9,0.11,4
1,13,206,2.43,4.42
1,25,162,2.08,4.44
2,123,84,1.03,4.74
3,175,63,0.76,4.92
2,300,47,0.58,4.85
3,250,35,0.42,4.71
2,250,22,0.29,4.73
1,170,91,1.14,4.88
3,159,7,0.09,5
1,165,253,3.12,4.92
1,166,34,0.4,4.42
2,132,222,2.68,4.69
2,110,118,1.76,4.63
1,84,272,3.26,4.81
1,13,209,2.48,4.37
1,25,214,2.63,4.34
1,35,41,0.5,4.53
1,27,256,3.14,4.5
1,130,2,0.05,4.5
1,134,156,1.88,4.79
1,97,183,2.17,4.79
1,150,142,1.92,4.82
6,437,272,3.28,4.79
3,183,133,1.77,4.72
1,166,11,0.13,4.82
2,289,48,0.67,4.85
1,212,10,0.14,4.7
2,60,10,0.13,4.4
2,119,315,3.76,4.9
1,29,1,0.01,0
2,187,169,2.06,4.78
2,115,166,1.98,4.77
2,163,232,2.83,4.82
1,181,247,2.94,4.57
4,191,18,0.23,4.29
3,150,256,3.06,4.73
2,119,317,3.78,4.91
2,119,322,3.84,4.85
3,143,375,4.51,4.86
2,250,27,0.34,4.48
2,250,29,0.37,4.79
3,147,97,1.19,4.27
1,31,9,0.15,4.33
1,137,183,2.29,4.69
2,207,18,0.26,4.28
2,129,117,1.44,4.2
2,284,142,1.71,4.31
1,75,169,2.71,4.75
2,75,12,0.15,4.33
3,296,96,1.23,4.81
5,336,262,3.16,4.75
3,299,34,0.41,4.55
2,180,29,0.38,4.41
2,163,48,0.73,4.26
1,58,47,0.62,4.74
3,223,52,0.68,4.42
2,180,24,0.31,4.33
1,164,59,0.78,4.62
2,280,62,0.79,4.52
2,156,30,0.39,4.21
1,66,10,0.12,4
2,236,114,1.36,4.64
8,1000,5,0.07,3.4
3,130,21,0.25,5
1,97,87,1.12,4.78
3,195,277,3.34,4.55
3,247,206,3.03,4.96
1,39,259,3.15,4.75
1,62,38,0.6,4.67
2,352,106,1.39,4.79
3,206,193,2.37,4.6
2,146,141,1.72,4.9
3,345,20,0.25,4.7
2,105,133,1.66,4.83
1,154,15,0.19,4.54
3,150,33,0.4,4.74
3,417,53,0.66,4.53
4,200,249,3.06,4.59
2,206,15,0.23,4.53
3,365,63,0.79,4.78
4,500,6,0.08,4.33
1,90,65,0.83,4.78
4,65,24,0.31,3.96
1,100,141,1.73,4.76
1,90,113,1.42,4.71
5,872,52,0.67,4.57
2,281,316,3.81,4.83
3,183,151,1.83,4.7
1,217,33,0.4,4.3
1,161,23,0.31,4.83
2,140,182,2.28,4.93
1,130,27,0.35,4.74
3,201,321,3.93,4.49
3,254,274,3.33,4.48
1,70,7,0.1,3.71
3,432,17,0.22,4.88
1,138,204,2.5,4.83
1,194,1,0.01,5
3,292,80,1,4.83
1,163,97,1.22,4.85
1,35,170,2.09,4.89
3,147,75,0.94,4.24
2,236,81,1.14,4.24
4,328,164,2.01,4.69
3,432,114,1.43,4.73
2,217,86,1.1,4.26
1,54,110,1.4,4.69
3,391,69,0.88,4.77
1,23,6,0.08,4.33
3,248,129,1.7,4.73
2,197,106,1.42,4.62
6,750,1,0.01,4
2,174,117,1.44,4.78
1,214,238,2.92,4.78
2,196,143,1.88,4.8
1,18,64,0.92,4.52
1,30,3,0.04,4.67
3,250,25,0.31,4.64
3,156,135,1.7,4.37
3,479,60,0.74,4.65
3,200,250,3.07,4.63
1,68,289,3.74,4.84
2,180,168,2.06,4.83
2,68,72,1.13,4.49
2,231,21,0.28,4.95
2,277,70,1.09,4.76
1,81,86,1.06,4.44
1,84,149,2,4.95
1,50,22,0.27,4.32
1,85,71,0.89,4.73
4,190,105,1.32,4.47
1,59,52,0.64,4.79
1,43,1,0.02,5
2,139,160,1.98,4.76
2,210,86,1.1,4.72
1,34,4,0.05,4
3,228,222,2.73,4.78
5,229,137,1.72,4.75
1,32,16,0.23,4.56
3,85,14,0.18,4.54
3,263,112,1.5,4.68
2,190,56,0.71,4.74
3,308,87,1.07,4.57
1,25,20,0.25,4.9
7,570,51,0.77,4.25
4,433,27,0.43,4.63
1,89,20,0.25,4.68
3,181,220,2.7,4.75
2,300,107,1.32,4.86
3,295,185,2.41,4.71
1,105,170,2.1,4.64
4,85,6,0.1,4.33
4,151,187,2.3,4.75
2,45,2,0.03,5
2,200,4,0.05,3.5
1,44,205,2.52,4.49
4,1000,36,0.46,4.86
1,166,17,0.21,4.59
4,321,8,0.1,4.5
2,160,132,1.62,4.59
2,96,281,3.45,4.85
3,243,216,2.67,4.47
1,85,20,0.26,4.7
3,273,73,0.93,4.82
2,457,1,0.03,5
2,457,5,0.07,5
2,457,4,0.05,5
3,64,5,0.08,4.75
1,46,164,2.06,4.82
3,40,1,0.33,3
3,120,80,1.02,4.73
2,348,115,1.48,4.82
3,273,237,3.03,4.51
1,34,32,0.39,4.58
1,38,49,0.65,4.52
2,55,19,0.24,4.83
3,180,2,0.03,4.5
2,275,60,0.82,4.83
1,58,34,0.42,4.91
2,200,3,0.07,3.67
2,91,22,0.28,4.86
2,150,201,2.47,4.9
1,170,132,1.66,4.54
3,71,1,1,1
1,117,130,1.7,4.2
2,44,9,0.12,4.25
2,49,8,0.1,4.57
3,194,230,2.89,4.68
2,50,8,0.11,4.75
2,55,25,0.31,4.83
3,158,194,2.44,4.9
1,44,140,1.76,4.17
1,30,29,0.36,4.79
3,247,308,3.8,4.73
1,120,1,1,5
1,173,147,1.82,4.53
3,103,246,3.07,4.5
2,50,12,0.15,4.25
4,110,324,4.04,4.54
3,47,18,0.22,4.17
4,110,331,4.14,4.55
1,70,21,0.26,4.89
1,43,37,0.46,4.86
3,157,188,2.36,4.8
2,161,81,1.06,4.6
2,200,92,1.13,4.34
3,220,64,0.81,4.68
2,241,63,0.79,4.33
3,206,99,1.41,4.65
1,48,60,0.75,4.77
3,224,194,2.43,4.82
1,42,37,0.46,4.78
1,130,167,2.12,4.31
1,114,6,0.08,5
2,57,6,0.1,4.17
4,248,107,1.35,4.44
2,210,100,1.34,4.71
3,175,156,2.01,4.52
3,10,26,0.33,4.19
1,267,142,1.84,4.96
1,146,52,0.65,4.56
1,110,60,0.75,4.72
1,51,69,0.87,4.84
4,255,173,2.2,4.48
3,99,4,0.05,3.5
2,69,128,1.6,4.8
2,129,310,3.88,4.71
2,241,203,2.62,4.83
2,264,133,1.7,4.49
2,46,17,0.21,4.38
2,188,141,1.77,4.67
1,53,22,0.28,4.73
2,213,383,4.8,4.79
1,36,107,1.41,4.78
5,583,84,1.06,4.75
3,175,190,2.38,4.66
4,69,3,0.04,4.67
2,420,145,1.81,4.98
2,151,251,3.17,4.7
1,37,116,1.47,4.78
2,80,8,0.1,5
5,50,21,0.26,4.6
1,57,6,0.09,3.8
2,279,42,0.53,4.67
2,166,193,2.54,4.63
3,184,226,2.92,4.82
1,211,56,0.7,4.95
1,18,8,0.11,4
2,50,13,0.17,4.62
1,50,21,0.27,4.68
2,150,6,0.08,4
3,304,165,2.08,4.81
2,457,6,0.08,5
2,457,4,0.06,5
2,457,3,0.04,4.67
3,191,177,2.25,4.8
2,160,239,3.01,4.26
3,191,36,1.12,5
1,43,12,0.17,4.58
3,214,117,1.47,4.77
2,144,228,3.29,4.83
1,40,66,0.84,4.24
1,28,10,0.13,4.8
3,62,121,1.54,4.71
1,75,247,3.16,4.8
2,390,73,0.93,4.9
3,201,85,1.12,4.46
4,108,311,3.96,4.46
1,39,22,0.28,4.59
2,65,13,0.17,4.77
4,180,70,1.07,4.64
1,159,162,2.06,4.6
1,40,12,0.16,4.91
1,55,20,0.32,4.75
1,70,7,0.09,3.43
3,424,5,0.07,4.6
1,126,299,3.78,4.83
3,174,68,0.89,4.46
2,286,7,0.11,4.5
1,81,72,0.93,4.93
1,72,3,0.04,5
3,163,51,0.8,4.62
2,214,177,2.29,4.54
2,225,194,2.48,4.62
1,30,33,0.43,4.82
2,400,21,0.33,4.43
2,192,100,1.27,4.28
1,91,170,2.21,4.89
3,450,15,0.2,4.47
3,279,47,0.62,4.28
1,150,84,1.08,4.87
2,272,5,0.07,5
1,43,24,0.33,4.58
4,650,46,0.6,4.59
2,150,22,0.28,4.33
1,65,31,0.46,4.94
1,39,165,2.11,4.88
1,39,12,0.15,4.91
4,214,1,0.91,4
2,100,31,0.4,4.55
3,59,8,0.1,4.71
5,298,187,2.41,4.73
1,37,11,0.15,4.91
2,90,99,1.27,4.79
1,44,82,1.07,4.74
3,53,2,0.03,5
2,70,1,0.01,4
1,51,211,2.67,4.29
1,25,28,0.37,4.59
3,213,136,1.75,4.7
1,318,126,1.61,4.84
3,219,248,3.18,4.89
1,40,166,2.15,4.85
2,316,93,1.2,4.77
1,25,81,1.04,4.69
1,23,65,0.83,4.58
1,48,61,0.78,4.62
3,163,163,2.1,4.75
3,259,139,2.08,4.9
5,650,32,0.5,4.81
2,220,51,0.7,4.48
1,81,245,3.15,4.82
2,143,71,0.91,4.47
1,78,261,3.36,4.82
1,256,13,0.18,4.77
1,38,6,0.08,3.8
1,81,101,1.33,4.97
1,55,25,0.32,4.96
1,40,96,1.24,4.72
3,281,87,1.14,4.82
1,339,9,0.24,4.89
1,70,168,2.2,4.5
2,140,88,1.21,4.69
4,400,6,0.14,5
1,64,2,1.46,4.5
1,61,7,0.21,4.86
1,59,11,0.33,4.45
1,51,23,4.89,4.22
1,35,11,0.15,4.82
2,85,3,0.73,5
1,43,191,2.48,4.47
3,336,161,2.12,4.94
4,491,32,0.42,4.53
1,140,29,0.39,4.83
1,75,229,2.97,4.62
1,144,209,2.79,4.83
2,550,30,0.41,4.57
3,250,19,0.35,4.84
3,273,123,1.6,4.78
2,139,138,1.83,4.37
3,280,53,0.68,4.87
2,180,108,1.42,4.8
1,75,266,3.42,4.79
2,167,87,1.16,4.74
4,650,25,0.35,4.52
2,225,224,2.89,4.97
3,188,97,1.29,4.51
2,241,163,2.11,4.66
4,200,204,2.66,4.74
1,278,218,3.02,4.93
4,145,2,0.03,4.5
1,50,93,1.21,4.42
3,139,186,2.42,4.53
2,50,4,0.05,4
2,50,3,0.06,4.33
3,44,1,0.02,4
2,109,23,0.3,4.48
3,427,113,1.5,4.84
1,43,125,1.63,4.71
2,116,242,3.13,4.89
1,20,45,0.59,4.49
3,242,209,2.75,4.56
3,144,203,2.71,4.8
1,193,159,2.1,4.41
3,182,109,1.49,4.49
2,150,263,3.39,4.75
3,330,114,1.49,4.42
5,790,36,0.47,4.86
4,790,67,0.88,4.96
1,98,13,0.17,4.62
3,399,37,0.49,4.49
3,299,101,1.36,4.87
3,244,119,1.57,4.95
2,270,224,2.92,4.95
1,49,3,2.09,5
3,250,5,0.1,4.4
4,231,133,1.72,4.64
2,150,205,2.7,4.8
1,34,73,0.95,4.76
1,54,14,0.19,4.21
1,152,251,3.39,4.92
1,39,234,3.07,4.77
3,142,45,0.66,4.8
2,216,82,1.08,4.41
3,130,153,2.01,4.8
4,392,57,0.79,4.86
1,61,225,5.29,4.83
3,185,243,3.17,4.74
2,159,86,1.14,4.41
3,330,14,0.23,4.57
1,31,153,1.99,4.67
1,219,204,2.74,4.51
3,375,58,0.83,4.71
3,300,52,0.71,4.68
4,394,59,0.78,4.71
2,295,56,0.77,4.75
2,241,12,0.16,4.67
3,204,7,0.09,4.86
2,70,15,0.2,4.33
1,33,48,0.63,4.54
1,50,217,2.85,4.89
1,55,228,3.02,4.82
1,55,132,1.78,4.77
1,70,169,2.23,4.91
3,226,40,0.53,4.66
1,68,6,0.08,4
1,359,7,0.09,4.33
1,559,8,0.11,4.71
1,56,76,1,4.33
1,45,322,4.22,4.53
1,42,25,0.33,4.42
1,166,7,0.1,4
1,33,53,0.7,4.68
2,221,245,3.23,4.67
1,100,82,1.08,4.99
1,60,28,0.38,4.75
1,91,268,3.51,4.7
1,80,16,0.22,4.88
3,141,181,2.39,4.4
1,21,6,0.08,4.67
2,117,122,1.61,4.96
1,30,443,5.81,4.8
3,359,73,0.96,4.66
1,210,153,2.04,4.78
3,285,36,0.49,4.92
2,267,232,3.1,4.97
1,20,6,0.08,4.67
2,139,124,1.63,4.79
1,37,166,2.21,4.77
1,57,9,0.15,4
1,50,30,0.4,4.57
1,40,110,2.17,4.77
2,149,70,0.93,4.24
1,102,65,0.86,4.48
1,25,274,3.6,4.91
1,35,70,0.93,4.61
1,159,396,5.58,4.64
3,241,74,1.21,4.7
2,98,3,0.05,5
1,17,3,0.04,3
2,550,231,3.04,5
1,75,4,0.19,4.5
2,174,196,2.95,4.92
2,85,7,0.09,5
2,70,6,0.11,3.33
1,60,46,0.61,4.72
1,46,149,1.96,4.92
1,139,55,0.73,4.76
2,210,211,2.84,4.69
2,209,86,1.18,4.77
2,210,158,2.09,4.65
2,115,22,0.3,4.81
2,210,205,2.71,4.74
3,259,35,0.46,4.6
1,100,44,0.59,4.43
1,36,31,0.42,4.81
1,69,130,2.34,4.88
1,100,14,0.19,4.86
5,569,59,0.82,4.76
1,65,25,0.34,4.88
1,30,53,0.71,4.77
4,468,44,0.62,4.8
4,468,37,0.7,4.76
2,129,2,0.03,3
3,431,5,0.07,4.2
1,100,117,1.55,4.54
2,286,37,0.7,4.59
6,569,86,1.19,4.81
2,277,4,0.08,4.25
1,24,12,0.18,4.83
4,140,79,1.05,4.46
2,115,9,0.12,4.5
1,43,146,1.96,4.67
1,36,3,0.05,4.33
2,224,63,0.84,4.71
4,570,116,1.57,4.89
3,66,3,0.04,3.67
2,117,80,1.11,4.65
1,203,57,0.76,4.91
1,125,103,1.42,4.65
2,151,75,1.04,4.68
1,75,383,5.09,4.58
1,133,90,1.22,4.59
1,57,7,0.1,4.25
1,47,208,2.79,4.71
1,36,3,0.04,4.67
1,100,65,0.86,4.77
2,110,5,0.08,4
1,100,1,0.08,3
2,277,4,0.1,4.25
3,76,14,0.19,4.21
1,242,108,1.49,4.87
1,212,11,0.24,4.45
2,20,72,0.98,4.67
1,212,14,0.35,4.64
1,40,11,0.15,4.7
1,110,2,0.19,4.5
2,277,15,0.29,4.73
2,129,6,0.08,4.83
3,431,81,1.24,4.78
1,42,3,0.04,5
1,44,12,0.16,4.22
3,173,2,0.16,5
3,186,3,0.05,4.67
1,39,102,1.38,4.61
1,150,19,0.26,4.74
1,60,19,0.25,4.11
4,468,54,0.74,4.8
6,230,4,0.12,5
2,250,196,2.77,4.62
1,138,233,3.14,4.57
1,65,6,0.14,5
2,399,63,0.84,4.94
2,256,9,0.13,4.78
1,112,267,4.24,4.49
3,90,117,1.58,4.56
4,80,17,0.23,4.41
4,236,273,3.65,4.52
1,55,266,3.58,4.98
4,458,17,0.25,4.65
1,31,12,0.16,4.33
1,42,59,0.79,4.53
1,100,18,0.25,4.83
1,60,152,2.04,4.82
2,183,136,1.9,4.84
4,90,86,1.15,4.64
1,84,55,0.76,4.73
1,55,65,0.87,4.82
1,72,4,0.05,4.5
1,26,254,3.38,4.76
1,33,50,0.68,4.58
1,45,11,0.15,3.89
2,173,4,0.08,5
1,35,42,0.57,4.43
1,78,148,2,4.94
1,35,68,0.92,4.6
3,85,11,0.2,4.82
2,173,3,0.1,3.67
1,30,81,1.12,4.98
1,93,152,2.05,4.44
1,76,73,0.99,4.42
1,28,20,0.27,4.68
2,231,127,1.79,4.34
1,88,18,0.25,4.94
2,348,179,2.41,4.87
2,241,117,1.6,4.97
1,50,43,0.58,4.95
1,34,14,0.22,4.43
2,85,5,0.07,5
1,51,74,1.14,4.35
4,229,129,1.78,4.61
1,29,1,0.01,5
1,60,98,1.32,4.52
1,123,318,4.37,4.58
1,91,170,2.3,4.92
9,1413,37,0.55,4.78
1,55,9,0.12,4.22
5,458,67,0.97,4.72
1,200,160,2.16,4.72
1,175,189,2.55,4.58
2,65,61,0.84,4.62
3,250,2,0.05,4
1,21,9,0.14,4.22
3,139,188,2.58,4.76
2,295,152,2.11,4.72
3,110,38,0.53,4.82
1,47,88,1.22,4.5
3,140,6,0.55,4.5
1,100,11,0.16,4.45
2,40,11,0.17,5
1,59,204,2.75,4.36
3,180,2,0.75,5
1,35,16,0.22,4.69
1,69,211,2.89,4.74
1,61,206,2.78,4.33
3,140,199,2.72,4.31
1,28,139,1.95,4.58
1,56,30,0.42,4.9
1,78,263,3.64,4.59
2,454,9,0.13,4.88
4,70,1,0.02,5
1,33,59,0.81,4.98
1,50,94,2.18,4.78
1,50,74,1.1,4.04
1,29,4,0.06,4.75
1,115,233,3.16,4.68
3,180,2,0.07,5
1,41,135,1.95,4.77
3,231,222,3.23,4.81
1,40,59,0.81,4.43
3,426,143,2.02,4.6
1,71,237,3.2,4.73
3,405,40,0.55,4.68
1,42,249,3.37,4.56
2,77,9,0.12,4.38
1,50,84,1.15,4.72
1,50,17,0.24,4.71
2,99,7,0.15,4.43
1,62,235,3.19,4.68
1,22,24,0.33,4.77
2,99,10,0.2,4.7
2,170,1,0.02,4
4,221,62,0.84,4.32
1,99,14,0.21,4.86
2,146,17,0.23,5
2,136,80,1.15,4.63
2,154,111,1.51,4.89
3,234,98,1.76,4.82
2,99,9,0.28,4.33
2,95,9,0.26,5
1,48,10,0.14,4.67
1,78,146,2.01,4.62
1,157,8,0.11,4.63
3,67,3,0.04,5
1,64,33,0.46,4.42
1,50,89,1.24,4.8
1,85,97,1.5,4.78
3,120,6,0.12,4.67
1,56,11,0.15,4
2,150,200,2.75,4.67
2,453,4,0.06,5
2,93,3,0.06,3.67
1,46,273,4.2,4.7
1,136,178,2.43,4.49
1,234,28,0.39,4.79
1,135,8,0.11,4.88
3,314,88,1.24,4.22
1,160,2,0.06,3.5
1,57,24,0.35,4.63
3,479,192,2.65,4.78
3,247,62,0.86,4.05
2,169,75,1.03,4.33
3,220,74,1.02,4
2,343,29,0.4,4.76
1,50,13,0.18,4
1,70,11,0.15,4.5
4,355,43,0.65,4.77
3,255,58,0.87,3.91
3,266,91,1.36,4.22
3,250,145,2.17,4.88
1,37,16,0.22,4.67
1,23,10,0.14,4.7
1,100,83,1.14,4.84
2,99,9,0.21,4.89
1,110,7,0.11,5
3,330,52,0.75,4.44
1,45,3,0.06,4.67
1,55,150,2.26,4.94
2,99,9,0.21,4.78
4,604,16,0.33,4.81
2,99,11,0.16,4.73
1,20,21,0.29,4.7
2,130,255,3.53,4.65
3,200,7,0.1,4.83
1,39,186,2.59,4.95
2,126,142,1.99,4.77
2,317,31,0.47,4.06
4,408,141,2.03,4.76
2,150,99,1.38,4.31
1,43,60,0.83,4.8
1,50,201,2.82,4.88
1,60,256,5.15,4.93
2,153,48,0.68,4.35
1,80,11,0.16,4.73
2,48,8,0.12,4.13
1,209,6,0.09,4.8
2,250,4,0.06,4.25
4,170,76,1.07,4.41
2,183,88,1.32,4.81
2,80,14,0.2,4.64
4,264,125,1.77,4.31
3,343,11,0.15,4.55
3,396,10,0.15,4.5
2,149,181,2.58,4.63
3,67,17,0.24,4.24
3,403,76,1.17,4.13
1,222,133,1.88,4.39
3,149,131,1.88,4.31
2,175,27,0.75,4.48
2,192,408,5.77,4.97
3,238,24,0.38,4.58
4,147,110,1.54,4.22
2,420,53,0.76,4.75
2,191,161,2.28,4.27
2,420,34,0.51,4.94
2,81,17,0.33,4.59
4,920,9,0.2,4.67
1,58,137,1.95,4.8
4,266,153,2.18,4.56
1,65,16,0.24,4.81
1,170,26,0.4,4.08
1,150,160,2.37,4.25
2,210,69,1.02,4.16
1,91,307,4.36,4.73
1,84,233,3.32,4.66
2,45,9,0.14,4.22
1,86,133,1.89,4.85
2,133,186,2.65,4.54
3,157,147,2.09,4.65
2,328,54,1.02,4.13
2,40,2,0.03,4.5
1,45,2,0.03,4
2,173,1,0.36,5
4,240,56,0.82,4.42
2,100,115,1.63,4.77
2,154,184,2.63,4.57
3,357,152,2.17,4.81
2,40,3,0.06,4.67
2,270,102,1.46,4.16
1,57,152,2.19,4.83
1,65,108,1.52,4.96
1,46,59,0.9,4.85
2,139,159,2.26,4.84
3,180,186,2.69,4.78
2,129,191,2.72,4.61
2,156,115,1.64,4.58
1,85,23,0.32,4.48
4,357,99,1.45,4.51
1,84,153,2.16,4.44
2,236,38,0.58,4.63
1,32,128,1.9,4.58
1,45,6,0.09,5
2,354,8,0.12,4.5
1,203,46,0.66,4.89
1,13,12,0.18,4.91
2,340,136,1.96,4.89
1,58,191,2.69,4.79
1,500,3,0.05,5
3,400,205,2.96,4.83
2,64,4,0.08,4.5
2,195,137,1.98,4.99
1,40,123,1.76,4.39
2,218,169,2.47,4.92
1,36,87,1.26,4.67
1,59,10,0.2,5
4,284,38,0.54,4.59
2,205,34,0.52,4.85
2,195,123,1.73,4.51
4,260,161,2.3,4.53
1,54,3,0.1,4
1,49,4,0.06,3.75
1,100,2,0.03,4
1,101,113,1.61,4.22
3,218,2,0.03,5
1,70,13,8.13,4.62
1,43,3,0.24,4.33
1,47,20,0.3,4.7
1,143,143,2.21,4.87
1,125,1,0.02,5
1,50,82,1.24,4.48
3,388,24,0.37,4.78
2,110,12,0.23,5
2,165,61,0.94,4.74
2,145,81,1.17,4.64
3,148,71,1.07,4.45
1,130,103,1.64,4.67
2,165,13,0.2,4.46
2,195,2,0.03,5
2,180,2,0.03,5
3,88,8,0.14,4.88
2,170,142,2.2,4.9
2,64,5,0.07,3.33
1,38,189,2.79,4.12
1,25,17,0.41,4.82
2,80,5,0.1,4.8
1,34,186,2.75,4.5
3,175,6,0.09,5
1,75,22,0.33,4
2,99,12,0.19,4.5
3,222,130,1.87,4.77
2,119,125,1.84,4.69
2,194,141,2.13,4.53
2,186,31,1.72,4.68
2,185,189,2.79,4.83
2,170,165,2.42,4.75
2,216,50,0.74,4.58
2,94,63,0.93,4.15
2,169,268,3.86,4.64
1,55,7,0.1,4.71
2,95,68,1,4.52
1,45,6,0.13,4
2,133,110,1.58,4.29
1,123,204,2.98,4.65
1,187,283,4.14,4.63
1,44,142,2.11,4.44
1,132,440,6.41,4.67
1,20,13,0.2,4.27
3,110,37,0.6,4.89
3,75,40,0.59,4.95
2,270,32,0.47,4.81
2,250,2,0.04,5
2,111,2,0.04,4.5
3,148,90,1.33,4.88
3,116,3,0.05,4.33
1,500,1,0.02,5
3,324,35,0.54,4.8
3,79,9,0.13,4.67
1,30,25,0.36,4.57
2,116,61,0.9,4.67
6,366,82,1.3,4.7
2,106,86,1.28,4.83
5,499,113,1.69,4.58
3,275,46,0.88,4.76
1,50,7,0.1,4.86
6,366,109,1.72,4.63
6,297,19,1.38,4.32
1,78,92,1.35,4.74
1,80,10,0.16,4.4
1,105,101,1.46,4.88
2,50,215,3.12,4.8
1,55,72,1.07,4.58
3,228,78,1.17,4.83
3,230,94,1.4,4.94
3,81,17,0.27,4.82
2,66,16,0.26,4.63
1,42,13,0.2,4.92
1,45,1,0.02,5
1,19,46,0.68,4.64
1,50,5,0.09,4
2,363,220,3.24,4.89
1,3000,257,3.72,4.18
2,134,168,2.56,4.99
1,55,12,0.18,4.92
3,25,73,1.08,4.95
3,180,36,0.57,4.94
2,55,8,0.13,4.57
3,169,26,0.38,5
3,211,164,2.43,4.68
1,94,101,1.49,4.45
2,136,16,0.24,4.69
1,140,14,0.21,4.75
1,15,74,1.09,4.36
1,50,5,0.09,3.2
2,120,56,0.81,4.44
3,255,40,0.58,4.6
2,88,4,0.06,4.75
1,191,109,1.63,4.58
1,227,122,1.85,4.65
3,293,186,2.71,4.91
1,205,164,2.48,4.91
1,176,108,1.63,4.72
2,283,106,1.58,4.98
1,122,4,0.07,4.25
1,176,99,1.48,4.6
1,181,108,1.63,4.64
1,124,9,0.16,4.22
1,185,89,1.35,4.53
5,286,192,2.83,4.81
1,90,29,0.43,4.9
4,354,94,1.38,4.62
3,116,3,0.05,4.33
1,45,153,2.27,4.9
1,21,155,2.3,4.85
4,286,151,2.23,4.9
2,32,1,0.02,5
1,55,307,4.48,4.79
2,115,237,3.44,4.91
2,168,206,3.06,4.78
1,30,180,2.68,4.55
1,44,140,2.07,4.49
3,225,92,1.38,4.14
2,52,5,0.08,4.8
1,76,152,2.27,4.7
1,30,122,1.81,4.92
2,223,19,0.42,3.74
1,166,139,2.11,4.59
3,392,158,2.36,4.66
1,176,154,2.32,4.71
1,164,157,2.37,4.72
1,169,109,1.65,4.37
3,220,28,0.44,4.86
1,159,124,1.88,4.73
3,150,164,2.44,4.49
1,167,114,1.72,4.65
1,159,128,1.93,4.52
1,91,110,1.64,4.33
1,171,117,1.75,4.69
1,175,109,1.65,4.6
1,177,151,2.29,4.71
1,170,151,2.27,4.68
2,171,185,2.75,4.7
3,108,28,0.44,4.32
2,195,55,0.82,4.69
1,35,258,3.87,4.48
2,65,9,0.16,4.56
4,458,80,1.19,4.48
1,57,2,0.14,5
1,134,114,1.78,4.66
2,191,202,3,4.67
1,27,1,0.02,4
1,80,84,1.25,4.87
2,229,122,1.81,4.92
5,581,90,1.35,4.39
1,20,5,0.1,4.8
1,28,28,0.42,5
4,130,1,0.3,5
1,68,34,0.53,4.79
3,452,69,1.04,4.19
3,214,89,1.36,4.71
2,144,105,1.59,4.83
1,32,27,0.41,4.93
1,55,9,0.15,4.11
3,68,5,0.08,5
3,314,147,2.26,4.87
5,508,64,0.96,4.33
4,1100,18,0.28,4.33
3,236,144,2.35,4.72
3,175,167,2.53,4.53
1,52,3,0.27,4
1,135,73,1.11,4.03
2,55,291,4.38,4.95
1,49,21,0.32,4.57
1,56,20,0.3,4.63
2,223,133,1.99,4.45
1,311,8,0.71,4.88
1,165,24,0.38,4.92
2,204,177,2.69,4.83
3,115,70,1.05,4.8
2,205,13,0.2,4.46
2,143,169,2.56,4.79
2,201,135,2.06,4.63
3,285,2,0.03,5
2,215,108,1.7,4.62
3,200,130,2.05,4.5
1,17,10,0.19,4.7
1,65,43,0.65,4.74
6,516,119,1.81,4.12
1,65,6,0.1,4.5
6,570,54,0.81,4.17
1,57,4,0.06,5
1,57,6,0.1,4.33
2,50,15,0.23,4.8
2,135,8,0.12,4.63
1,122,115,1.73,4.6
4,650,24,0.37,4.42
3,219,202,3.17,4.88
1,107,4,1.11,4.75
1,55,6,0.1,4.6
1,30,41,0.62,4.61
2,102,170,2.54,4.72
1,35,169,2.53,4.92
1,84,8,3.38,4.5
1,45,67,1.03,4.86
1,70,1,0.03,4
2,87,5,0.08,4.5
1,50,6,0.13,4.5
4,393,68,1.02,4.31
2,239,11,0.21,3.91
4,254,5,0.08,3.6
1,118,217,3.27,4.7
2,174,143,2.17,4.82
1,38,7,0.13,4.14
2,191,67,1.07,4.25
1,29,1,0.3,3
3,399,82,1.23,4.68
4,255,128,1.99,4.64
3,675,14,0.22,4.25
4,140,6,0.1,5
3,174,48,0.76,4.29
1,129,12,0.19,4.75
2,340,136,2.06,4.48
1,42,17,0.27,4.82
1,31,108,1.63,4.91
3,330,3,0.06,4.67
3,282,101,1.65,4.75
2,170,83,1.3,4.27
1,45,76,1.15,4.95
2,225,112,1.75,4.65
3,337,61,1.01,4.11
1,32,95,1.47,4.6
3,380,75,1.17,4.33
3,417,72,1.12,4.31
4,75,1,0.08,5
1,43,5,0.08,4.8
1,239,60,0.91,4.72
3,243,34,0.52,4.44
1,172,82,1.24,4.46
1,120,101,1.58,4.45
1,127,90,1.37,4.86
3,333,113,1.75,4.4
2,409,57,0.9,4.54
2,45,10,0.17,5
4,75,1,0.02,5
3,348,87,1.35,4.45
2,454,53,0.83,4.6
2,279,44,0.69,4.3
3,329,57,0.91,4.23
3,405,93,1.46,4.41
3,133,17,0.26,4.25
1,65,246,3.74,4.83
3,675,3,0.05,4.67
3,344,63,0.99,4.33
1,61,201,3.05,4.71
3,346,78,1.2,4.35
3,380,84,1.34,4.13
1,173,82,1.29,4.44
4,486,56,0.92,4.23
3,314,1,0.02,4
1,83,64,1.93,4.95
1,27,36,0.57,4.97
1,60,145,2.19,4.63
1,67,3,0.06,5
1,18,9,0.15,5
